source_uid,source_name,episodios_hasta_5km,hotspots_relacionados,distancia_min_m,distancia_max_m,provincia_geologica,fecha_consulta
CALM0001,CALARMA-1,16,63,1539.4910922441024,4990.163930135171,VALLE SUPERIOR DEL MAGDALENA,2026-07-21 00:00:00
SSSS0004,S-4 (STRAT XD-4),10,51,577.175990022836,4900.695497072705,VALLE SUPERIOR DEL MAGDALENA,2026-07-21 00:00:00
VENR0001,VENTARRON-1,9,12,557.0497149837566,4004.595019561411,VALLE SUPERIOR DEL MAGDALENA,2026-07-21 00:00:00
SAPO0001ST,EL SAPO-1ST,9,36,662.158622051018,4917.503009258909,VALLE SUPERIOR DEL MAGDALENA,2026-07-21 00:00:00
TOMO0001,TOMOGO-1,8,34,121.5226051307882,4583.982683684762,VALLE SUPERIOR DEL MAGDALENA,2026-07-21 00:00:00
CHLP0001,CHILAPI-1,8,64,1012.0615533454396,4954.456289101744,VALLE SUPERIOR DEL MAGDALENA,2026-07-21 00:00:00
AMBA0001,AMBALEMA-1,8,35,1177.5979319475716,4518.429624276454,VALLE MEDIO DEL MAGDALENA,2026-07-21 00:00:00
LSIM0001,LA SIMA-1,8,42,1332.4788661450343,4276.681204621806,VALLE MEDIO DEL MAGDALENA,2026-07-21 00:00:00
9788,MARANON-2,7,10,300.7245925596964,2646.816011589534,VALLE SUPERIOR DEL MAGDALENA,2026-07-21 00:00:00
ARME0001,ARMERO-1,7,23,567.7250078786071,4914.830037617052,VALLE MEDIO DEL MAGDALENA,2026-07-21 00:00:00
GUAL0001,GUALANDAY-1,7,17,1226.5071458401144,4894.401148652932,VALLE SUPERIOR DEL MAGDALENA,2026-07-21 00:00:00
ESPI0001,ESPINAL-1,7,12,1752.892714493069,4889.936867559891,VALLE SUPERIOR DEL MAGDALENA,2026-07-21 00:00:00
TOLI0001,TOLIMA-1,7,12,3320.1815145530627,4916.365271448236,VALLE SUPERIOR DEL MAGDALENA,2026-07-21 00:00:00
SATA0001,SANTANA-1,5,7,404.2810058231257,2609.417344674573,VALLE SUPERIOR DEL MAGDALENA,2026-07-21 00:00:00
TOLD0002,TOLDADO-2,4,15,83.03417432987526,1658.7525804132115,VALLE SUPERIOR DEL MAGDALENA,2026-07-21 00:00:00
ORTE0008A,ORTEGA-8A,4,55,86.37929436215147,4821.762151713783,VALLE SUPERIOR DEL MAGDALENA,2026-07-21 00:00:00
DPED0001,DON PEDRO-1,4,27,145.48353840048944,3649.8952324355378,VALLE SUPERIOR DEL MAGDALENA,2026-07-21 00:00:00
BORE0001,BOREAL-1,4,9,343.4307427706494,1339.3471165677065,VALLE SUPERIOR DEL MAGDALENA,2026-07-21 00:00:00
TOTA0005,TOTARE-5,4,21,1319.8919227316471,3709.152103536933,VALLE MEDIO DEL MAGDALENA,2026-07-21 00:00:00
COEL0001,COELLO-1,4,62,1772.8695534890328,4997.518224465437,VALLE SUPERIOR DEL MAGDALENA,2026-07-21 00:00:00
EAGL0001,EAGLE I-1,4,15,1865.9804884180155,4389.455822613281,VALLE SUPERIOR DEL MAGDALENA,2026-07-21 00:00:00
BALN0001,BALCANES-1,4,6,1904.6226693850604,3320.348687997497,VALLE SUPERIOR DEL MAGDALENA,2026-07-21 00:00:00
9547,ABANICO-3 ST,4,12,2523.0679637626845,4617.272317899481,VALLE SUPERIOR DEL MAGDALENA,2026-07-21 00:00:00
ZION0001,ZION-1,3,28,153.42043535508893,2379.716293110221,VALLE SUPERIOR DEL MAGDALENA,2026-07-21 00:00:00
TOLD0008,TOLDADO-8,3,26,176.08013621291036,1973.733945763292,VALLE SUPERIOR DEL MAGDALENA,2026-07-21 00:00:00
ARME0002,ARMERO-2,3,13,649.7764212269759,3318.026202714082,VALLE MEDIO DEL MAGDALENA,2026-07-21 00:00:00
ALFA0001,ALFA-1,3,12,1388.073357787535,4961.967312735739,VALLE SUPERIOR DEL MAGDALENA,2026-07-21 00:00:00
RECI0002,RECIO-2,3,18,2283.247149649113,3888.530567480034,VALLE MEDIO DEL MAGDALENA,2026-07-21 00:00:00
PALB0001,PALOBAYO-1,3,3,2541.783208535917,2718.6774303007765,VALLE SUPERIOR DEL MAGDALENA,2026-07-21 00:00:00
DALI0001STG1,DALIA-1 STG1,3,19,2624.065147096727,4813.001437365874,CORDILLERA-ORIENTAL,2026-07-21 00:00:00
CSI1000007,AICO-1,3,7,3066.367625282797,4813.010724387031,VALLE SUPERIOR DEL MAGDALENA,2026-07-21 00:00:00
SSSS0001,S-1 (STRAT XS-1),3,6,3466.5859686285057,4453.191479540399,VALLE SUPERIOR DEL MAGDALENA,2026-07-21 00:00:00
ALEL0001,ALELI-1,3,17,4073.274224943694,4981.862196666739,CORDILLERA-ORIENTAL,2026-07-21 00:00:00
TOLD0001,TOLDADO-1,2,2,223.49987394425244,272.7642696933485,VALLE SUPERIOR DEL MAGDALENA,2026-07-21 00:00:00
QUIM0002,QUIMBAYA-2,2,7,357.2118438622099,4606.147406049268,VALLE SUPERIOR DEL MAGDALENA,2026-07-21 00:00:00
DPN0001CPI,DON PEDRO NORTE CPI-1,2,14,432.19334347570015,3761.894616613358,VALLE SUPERIOR DEL MAGDALENA,2026-07-21 00:00:00
LUMB0001A,LUMBI-1A,2,12,527.517114855389,3181.9388292190733,VALLE MEDIO DEL MAGDALENA,2026-07-21 00:00:00
CSI1000045,CHACA-1,2,2,527.6874097364679,2337.9865703634023,VALLE SUPERIOR DEL MAGDALENA,2026-07-21 00:00:00
10027,PENOSA-1,2,3,651.8128223831272,2831.179959639314,VALLE MEDIO DEL MAGDALENA,2026-07-21 00:00:00
GUAL0002,GUALANDAY-2,2,2,935.4093473839104,1047.5359964007102,VALLE SUPERIOR DEL MAGDALENA,2026-07-21 00:00:00
LASI0001,LISA-1,2,9,1882.0323175867536,3561.976139405615,VALLE SUPERIOR DEL MAGDALENA,2026-07-21 00:00:00
TOLD0008D1,TOLDADO-8 D-1,2,2,2306.707456349654,2700.994312771089,VALLE SUPERIOR DEL MAGDALENA,2026-07-21 00:00:00
LSIE0001,LA SIERRA-1,2,6,2322.293973504583,2800.966697496747,VALLE MEDIO DEL MAGDALENA,2026-07-21 00:00:00
9790,MARIQUITA-1,2,4,2560.264704062788,4751.698048387554,AREA NO PROSPECTIVA,2026-07-21 00:00:00
JULI0001,JULITA-1,2,3,2757.358613306437,4801.874571203102,VALLE SUPERIOR DEL MAGDALENA,2026-07-21 00:00:00
PAUT0001,PAUTA-1,2,6,3081.6097162487467,4112.663975171064,VALLE SUPERIOR DEL MAGDALENA,2026-07-21 00:00:00
GUAM0001,GUAMAL-1,2,2,4026.344290281592,4463.639044633242,VALLE SUPERIOR DEL MAGDALENA,2026-07-21 00:00:00
LUMB0001,LUMBI-1,1,10,255.8836142210864,1204.476562327029,VALLE MEDIO DEL MAGDALENA,2026-07-21 00:00:00
QUIM0004,QUIMBAYA-4,1,10,297.29165166512576,1449.779171060372,VALLE SUPERIOR DEL MAGDALENA,2026-07-21 00:00:00
TOLD0004,TOLDADO-4,1,9,357.0617402346305,1734.1986548508714,VALLE SUPERIOR DEL MAGDALENA,2026-07-21 00:00:00
ORTE0008,ORTEGA-8,1,1,467.5613013241765,467.5613013241765,VALLE SUPERIOR DEL MAGDALENA,2026-07-21 00:00:00
ORTE0002,ORTEGA-2,1,1,488.0236383729751,488.0236383729751,VALLE SUPERIOR DEL MAGDALENA,2026-07-21 00:00:00
TOLD0007,TOLDADO-7,1,1,521.5731857392715,521.5731857392715,VALLE SUPERIOR DEL MAGDALENA,2026-07-21 00:00:00
ORTE0009,ORTEGA-9,1,2,586.129526118861,806.3854241191283,VALLE SUPERIOR DEL MAGDALENA,2026-07-21 00:00:00
TOQU0002E,TOQUI TOQUI ESTE-2,1,4,600.1324965682328,1521.909218874748,VALLE MEDIO DEL MAGDALENA,2026-07-21 00:00:00
QUIM0001,QUIMBAYA-1,1,12,601.379226451124,1499.6243116050937,VALLE SUPERIOR DEL MAGDALENA,2026-07-21 00:00:00
ABAN0018,ABANICO-18,1,1,879.7549832179711,879.7549832179711,VALLE SUPERIOR DEL MAGDALENA,2026-07-21 00:00:00
TRIU0001,TRIUNFO-1,1,1,1173.8106437832255,1173.8106437832255,VALLE SUPERIOR DEL MAGDALENA,2026-07-21 00:00:00
CABA0001,CABALONGA-1,1,1,1349.798430357141,1349.798430357141,VALLE SUPERIOR DEL MAGDALENA,2026-07-21 00:00:00
MONA0001,MONTANUELO-1,1,3,1537.1067774521782,1977.4859397952875,VALLE SUPERIOR DEL MAGDALENA,2026-07-21 00:00:00
ROSI0001,ROSITA-1,1,3,1569.4972786870362,1987.393398518189,VALLE SUPERIOR DEL MAGDALENA,2026-07-21 00:00:00
TETU0001,TETUAN-1,1,2,1603.7285653365057,2044.797647332964,VALLE SUPERIOR DEL MAGDALENA,2026-07-21 00:00:00
ORTE0011,ORTEGA-11,1,2,1921.6701041793144,2064.696813501841,VALLE SUPERIOR DEL MAGDALENA,2026-07-21 00:00:00
GUAG0002,GUASIMO-2,1,1,1944.816462319647,1944.816462319647,VALLE SUPERIOR DEL MAGDALENA,2026-07-21 00:00:00
GUAL0003,GUALANDAY-3,1,1,2042.3316940949169,2042.3316940949169,VALLE SUPERIOR DEL MAGDALENA,2026-07-21 00:00:00
POTO0001,POTOSI-1,1,1,2199.804455581049,2199.804455581049,VALLE MEDIO DEL MAGDALENA,2026-07-21 00:00:00
GABY0001,GABY-1,1,2,2339.1016593006934,3179.996294391658,VALLE SUPERIOR DEL MAGDALENA,2026-07-21 00:00:00
GECK0001X,GECKO-1X,1,1,2407.2267399428138,2407.2267399428138,VALLE SUPERIOR DEL MAGDALENA,2026-07-21 00:00:00
TOLD0011,TOLDADO-11,1,2,2426.7509864015337,2477.945713648838,VALLE SUPERIOR DEL MAGDALENA,2026-07-21 00:00:00
PSDN0001,POSEIDON-1,1,1,2432.2285002010667,2432.2285002010667,VALLE SUPERIOR DEL MAGDALENA,2026-07-21 00:00:00
TETU0003,TETUAN-3,1,2,2490.538824903684,2815.7244713803007,VALLE SUPERIOR DEL MAGDALENA,2026-07-21 00:00:00
CHEN0001,CHENCHE-1,1,1,2532.790726310772,2532.790726310772,VALLE SUPERIOR DEL MAGDALENA,2026-07-21 00:00:00
ABAN0020,ABANICO-20,1,1,2834.1685412156453,2834.1685412156453,VALLE SUPERIOR DEL MAGDALENA,2026-07-21 00:00:00
ABAN0005,ABANICO-5,1,1,2873.814947791672,2873.814947791672,VALLE SUPERIOR DEL MAGDALENA,2026-07-21 00:00:00
K0000001,K-1,1,1,2913.400788133414,2913.400788133414,VALLE SUPERIOR DEL MAGDALENA,2026-07-21 00:00:00
HADS0001,HADES-1,1,3,3197.922689461966,3575.395490457832,VALLE SUPERIOR DEL MAGDALENA,2026-07-21 00:00:00
MEND0001,MENDEZ-1,1,2,3272.411257865868,3676.135822065909,VALLE MEDIO DEL MAGDALENA,2026-07-21 00:00:00
SAPO0001,EL SAPO-1,1,2,3386.4289500605514,3530.7408638091765,VALLE SUPERIOR DEL MAGDALENA,2026-07-21 00:00:00
9381,GUANDO-6 ST1,1,1,3570.646363015841,3570.646363015841,CORDILLERA-ORIENTAL,2026-07-21 00:00:00
CHIR0002,CHIRIPA-2,1,3,3594.453158401212,3772.335063557237,VALLE MEDIO DEL MAGDALENA,2026-07-21 00:00:00
10033,PURIFICACION-7,1,1,3668.7539623487496,3668.7539623487496,VALLE SUPERIOR DEL MAGDALENA,2026-07-21 00:00:00
SUAR0001,SUAREZ-1,1,3,3734.438373749954,3980.678663268368,CORDILLERA-ORIENTAL,2026-07-21 00:00:00
TIJE0001,TIJERAS-1,1,5,3752.553816909772,4363.9488962361565,CORDILLERA-ORIENTAL,2026-07-21 00:00:00
CHIR0001,CHIRIPA-1,1,1,3798.205042411928,3798.205042411928,VALLE MEDIO DEL MAGDALENA,2026-07-21 00:00:00
GEOP0001,GEOPOZOS-1,1,1,3936.070716763297,3936.070716763297,VALLE SUPERIOR DEL MAGDALENA,2026-07-21 00:00:00
ANOI0001X,ANH-OLINI-1X,1,1,4160.409639943499,4160.409639943499,VALLE SUPERIOR DEL MAGDALENA,2026-07-21 00:00:00
ANKA0001,ANKARA-1,1,1,4212.94902827079,4212.94902827079,VALLE SUPERIOR DEL MAGDALENA,2026-07-21 00:00:00
GOUD0001,GOUDA-1,1,3,4668.41802630097,4860.492807417037,VALLE SUPERIOR DEL MAGDALENA,2026-07-21 00:00:00
SSSS0002,S-2 (STRAT XA-2),1,1,4822.8468005033765,4822.8468005033765,VALLE SUPERIOR DEL MAGDALENA,2026-07-21 00:00:00
